,Rewards,Episode Time
0,-399,0.2838327884674072
1,-18,0.0474793910980224
2,-167,0.1586017608642578
3,-16,0.0599615573883056
4,-3916,1.955591917037964
5,-33,0.065253734588623
6,-3,0.0479998588562011
7,-138,0.1290357112884521
8,-174,0.1628637313842773
9,-145,0.1134285926818847
10,-106,0.1151661872863769
11,-198,0.1456682682037353
12,-192,0.1869618892669677
13,-133,0.09940767288208
14,-81,0.1114249229431152
15,-98,0.1128740310668945
16,-4,0.0538649559020996
17,-183,0.1587631702423095
18,-479,0.3086605072021484
19,-3916,2.1131112575531006
20,-343,0.2349567413330078
21,-3916,1.7965762615203855
22,-3916,1.9535839557647705
23,-3937,1.8474409580230715
24,-147,0.144188642501831
25,-51,0.0752272605895996
26,-34,0.0815951824188232
27,-28,0.0603048801422119
28,-32,0.0957114696502685
29,-108,0.1309432983398437
30,8,0.0709874629974365
31,-171,0.1639487743377685
32,-3916,1.9777071475982664
33,-5,0.0550799369812011
34,17,0.0593464374542236
35,-76,0.1037929058074951
36,-3916,1.8477330207824707
37,-3937,1.7844688892364502
38,-3937,3.773027420043945
39,-45,0.1310174465179443
40,-30,0.131988525390625
41,-3916,4.180268287658691
42,-23,0.1261610984802246
43,-23,0.1330506801605224
44,-77,0.1900587081909179
45,-124,0.2124638557434082
46,-264,0.4089603424072265
47,-78,0.2527682781219482
48,-63,0.1934523582458496
49,45,0.0784900188446044
50,-114,0.2492556571960449
51,-78,0.1638598442077636
52,45,0.0681049823760986
53,-149,0.2429656982421875
54,23,0.0897567272186279
55,-83,0.1810412406921386
56,-2,0.1219134330749511
57,-10,0.1015827655792236
58,27,0.0601141452789306
59,10,0.0882139205932617
60,12,0.1048173904418945
61,-93,0.2140896320343017
62,57,0.0336487293243408
63,8,0.0910561084747314
64,-3916,4.218128681182861
65,69,0.0393998622894287
66,-136,0.237781286239624
67,61,0.0471055507659912
68,-23,0.1157727241516113
69,23,0.0640203952789306
70,-3937,4.119573831558228
71,-27,0.1354446411132812
72,45,0.041816234588623
73,-29,0.1304764747619629
74,13,0.0836622714996337
75,48,0.0431883335113525
76,-71,0.1705031394958496
77,-3916,3.7357685565948486
78,-8,0.1086354255676269
79,-3937,4.011712551116943
80,-58,0.1624281406402588
81,-31,0.1197648048400878
82,58,0.0553600788116455
83,-19,0.1203868389129638
84,-3937,4.173502206802368
85,20,0.0880007743835449
86,-3937,4.021090269088745
87,-3937,4.056976318359375
88,23,0.0636196136474609
89,-3937,4.05364990234375
90,33,0.0608224868774414
91,20,0.0992920398712158
92,55,0.0340862274169921
93,-3916,4.070080518722534
94,39,0.0764839649200439
95,-3937,4.155152082443237
96,40,0.0526769161224365
97,54,0.031165599822998
98,-18,0.116816759109497
99,11,0.0802607536315918
100,6,0.0915703773498535
101,-3937,4.156232833862305
102,-3916,4.071704387664795
103,53,0.0325446128845214
104,52,0.037966251373291
105,38,0.0476813316345214
106,-3937,3.7408447265625
107,52,0.0322201251983642
108,34,0.0581855773925781
109,51,0.0390560626983642
110,-3937,3.864061117172241
111,44,0.0380945205688476
112,70,0.045041799545288
113,-3937,4.045776844024658
114,-3916,3.769904851913452
115,52,0.0240190029144287
116,-3937,3.760822772979736
117,-3,0.0725905895233154
118,40,0.0538122653961181
119,52,0.0382602214813232
120,59,0.0310537815093994
121,40,0.0486981868743896
122,-3937,3.5750527381896973
123,69,0.0144398212432861
124,66,0.0226597785949707
125,5,0.093442678451538
126,36,0.0569987297058105
127,30,0.0489811897277832
128,48,0.036325454711914
129,70,0.0176224708557128
130,36,0.0571455955505371
131,-3916,3.3106093406677246
132,-3916,3.239122152328491
133,-3916,3.566303968429565
134,-3916,5.052930116653442
135,65,0.0249998569488525
136,53,0.0360770225524902
137,55,0.0396656990051269
138,-3937,3.493474245071411
139,3,0.0826256275177002
140,-3916,3.307539224624634
141,-20,0.0909903049468994
142,48,0.0328826904296875
143,86,0.0207877159118652
144,79,0.0303394794464111
145,54,0.0332429409027099
146,-3937,3.613388538360596
147,86,0.0150537490844726
148,56,0.0340001583099365
149,70,0.0206131935119628
150,-3937,3.948570251464844
151,-3916,4.098389863967896
152,95,0.0148143768310546
153,27,0.0654516220092773
154,29,0.0801548957824707
155,79,0.0291166305541992
156,76,0.0348777770996093
157,79,0.021522045135498
158,57,0.0328290462493896
159,60,0.02899169921875
160,50,0.0370013713836669
161,75,0.0347611904144287
162,-3916,3.354689121246338
163,-3937,3.685379505157471
164,-3916,3.2124476432800293
165,73,0.0255224704742431
166,66,0.0217993259429931
167,-3937,3.4384148120880127
168,57,0.0295145511627197
169,64,0.0492537021636962
170,62,0.0260069370269775
171,23,0.0698225498199462
172,-3916,3.239962816238404
173,-3916,3.5449037551879883
174,93,0.0166497230529785
175,-3916,3.653614282608032
176,71,0.0421807765960693
177,-3916,3.8346993923187256
178,36,0.0512516498565673
179,81,0.0300366878509521
180,32,0.0519337654113769
181,-3937,3.770939588546753
182,65,0.0239424705505371
183,49,0.0378742218017578
184,66,0.0199127197265625
185,-3937,3.80173659324646
186,50,0.0356512069702148
187,-3937,3.728967905044556
188,-3937,3.73649263381958
189,-3937,3.9365084171295166
190,58,0.032768964767456
191,-3937,3.513862609863281
192,85,0.0200324058532714
193,60,0.0292804241180419
194,-3916,3.4509966373443604
195,-3937,4.034723520278931
196,71,0.0163753032684326
197,-3937,3.462496995925904
198,63,0.0268168449401855
199,30,0.0757584571838378
200,74,0.0147535800933837
201,74,0.0126960277557373
202,85,0.0229194164276123
203,-3916,3.749906063079834
204,-3916,3.3456737995147705
205,-3916,3.28733491897583
206,63,0.0190532207489013
207,-3916,3.435343980789185
208,84,0.0232925415039062
209,-3937,3.3697471618652344
210,98,0.0100009441375732
211,-3916,3.472050666809082
212,81,0.0294141769409179
213,-3916,3.399169921875
214,-3916,4.513600826263428
215,80,0.0349986553192138
216,-3916,4.009912252426148
217,-3916,3.760000467300415
218,67,0.0220253467559814
219,-3916,3.6938536167144775
220,-3937,3.517913818359375
221,-3916,3.3678677082061768
222,-3916,3.5510830879211426
223,40,0.0411117076873779
224,-3916,3.4528884887695312
225,82,0.0221152305603027
226,68,0.0189547538757324
227,-3916,3.28843641281128
228,-3937,3.299673795700073
229,68,0.0261521339416503
230,-3916,3.244217157363892
231,-3916,3.3046560287475586
232,-3916,3.2256855964660645
233,-3916,3.3277509212493896
234,-3916,3.328559398651123
235,-3916,3.3335134983062744
236,-3916,3.2550480365753174
237,-3937,3.353846788406372
238,49,0.0417578220367431
239,66,0.0439586639404296
240,70,0.0426428318023681
241,-3937,3.4221816062927246
242,-3916,3.62285590171814
243,39,0.0628504753112793
244,-3937,3.780048370361328
245,-3916,3.467756986618042
246,72,0.038222312927246
247,74,0.0320527553558349
248,-3916,3.3039255142211914
249,-3916,3.1409459114074707
250,57,0.0506401062011718
251,76,0.0276377201080322
252,75,0.0320019721984863
253,56,0.0309817790985107
254,57,0.0250005722045898
255,-3916,3.799205303192138
256,-3937,3.483535051345825
257,53,0.0230040550231933
258,-3937,3.509981155395508
259,69,0.0147492885589599
260,92,0.0123457908630371
261,17,0.0750393867492675
262,-3916,3.404456853866577
263,-3937,3.54560661315918
264,-3937,3.4146504402160645
265,-3916,3.224748134613037
266,51,0.0400953292846679
267,-3916,3.581563234329224
268,-3937,3.427648067474365
269,-3937,3.602125883102417
270,-3937,3.25158429145813
271,-3916,3.3708271980285645
272,59,0.0295021533966064
273,68,0.0185673236846923
274,-3916,3.501627206802368
275,-3916,3.5483269691467285
276,87,0.0204110145568847
277,-3937,3.383143901824951
278,68,0.0449252128601074
279,-3916,3.486055612564087
280,-3937,3.427767515182495
281,51,0.0337641239166259
282,98,0.0089988708496093
283,75,0.0120007991790771
284,-3916,3.3745574951171875
285,83,0.0172703266143798
286,-3937,3.242034435272217
287,60,0.040135383605957
288,69,0.019071340560913
289,-3937,3.34687876701355
290,62,0.0179989337921142
291,84,0.0250568389892578
292,87,0.0220820903778076
293,-3937,3.310112476348877
294,88,0.0200006961822509
295,61,0.0436899662017822
296,-3916,3.5028076171875
297,73,0.0300550460815429
298,-3937,3.510718584060669
299,73,0.0280179977416992
300,-3937,3.403215169906616
301,38,0.0427396297454834
302,60,0.0256509780883789
303,59,0.0412695407867431
304,35,0.0407602787017822
305,-3916,3.257870674133301
306,66,0.0222461223602294
307,-3916,3.204753398895264
308,65,0.0375585556030273
309,-3937,3.36620831489563
310,93,0.0172545909881591
311,48,0.0429294109344482
312,62,0.0267820358276367
313,72,0.0149049758911132
314,-3916,3.528227090835572
315,36,0.0429160594940185
316,-3937,3.419299840927124
317,-3937,3.438117504119873
318,-3937,3.566629409790039
319,56,0.0460357666015625
320,-3916,3.565143823623657
321,25,0.0543470382690429
322,-25,0.1268036365509033
323,85,0.0243632793426513
324,62,0.0463678836822509
325,51,0.06480073928833
326,66,0.0212457180023193
327,50,0.033693790435791
328,70,0.0378890037536621
329,90,0.0188624858856201
330,-3937,3.507808446884156
331,71,0.0299813747406005
332,-3937,3.224478006362915
333,70,0.0291113853454589
334,48,0.0350475311279296
335,55,0.0337960720062255
336,-3916,3.2728419303894043
337,-3916,3.208856105804444
338,48,0.0657401084899902
339,-3916,3.433969497680664
340,57,0.0308189392089843
341,-4,0.1007561683654785
342,79,0.0070021152496337
343,-3916,3.236844301223755
344,84,0.0258092880249023
345,-3916,3.311753511428833
346,-3916,3.528571844100952
347,82,0.0200374126434326
348,93,0.0090477466583251
349,67,0.0188429355621337
350,60,0.0260810852050781
351,36,0.0630013942718505
352,74,0.0341475009918212
353,81,0.0277743339538574
354,58,0.0561168193817138
355,69,0.0444920063018798
356,-3916,3.517725944519043
357,65,0.0336682796478271
358,83,0.0270204544067382
359,-3937,4.237077951431274
360,89,0.0175991058349609
361,65,0.0150444507598876
362,-3916,3.676429271697998
363,95,0.0120377540588378
364,40,0.0755858421325683
365,-3916,3.501396417617798
366,-3916,3.403816699981689
367,28,0.0502533912658691
368,65,0.0364472866058349
369,87,0.0189049243927001
370,-3916,3.402649402618408
371,97,0.0080378055572509
372,71,0.0147943496704101
373,51,0.0378720760345459
374,-3916,3.41562557220459
375,-3916,3.484515428543091
376,-3937,3.583493709564209
377,64,0.0168683528900146
378,78,0.0322928428649902
379,-3916,3.5150351524353027
380,-3916,3.4875333309173584
381,-3916,3.476490974426269
382,-3916,3.4539856910705566
383,81,0.0225968360900878
384,-3937,3.609114170074463
385,-3937,3.455923318862915
386,-3916,3.414999723434448
387,87,0.0160779953002929
388,-3916,3.265999317169189
389,84,0.0186762809753417
390,72,0.0139954090118408
391,-3916,3.497744083404541
392,-3916,3.4706082344055176
393,80,0.0196723937988281
394,73,0.0129535198211669
395,91,0.0183272361755371
396,44,0.0473160743713378
397,84,0.0201139450073242
398,93,0.0159885883331298
399,72,0.0140008926391601
400,-3937,3.888780355453491
401,-3937,3.4944610595703125
402,73,0.0155131816864013
403,-3937,3.907611608505249
404,-3937,3.489074945449829
405,-3916,3.530154228210449
406,-3937,3.57269024848938
407,-3916,3.621251821517944
408,38,0.054124116897583
409,81,0.0288798809051513
410,-3916,3.524771451950073
411,-3937,3.494744300842285
412,-3916,3.462653875350952
413,-3916,3.4448609352111816
414,70,0.0329091548919677
415,-3916,3.6360793113708496
416,75,0.0371580123901367
417,-3937,3.552140951156616
418,84,0.0266079902648925
419,-3937,3.5707385540008545
420,-3916,3.424607276916504
421,59,0.0215542316436767
422,88,0.0218746662139892
423,63,0.0260407924652099
424,-3916,3.5077219009399414
425,54,0.0437896251678466
426,49,0.0429346561431884
427,-3937,3.478339910507202
428,73,0.013495922088623
429,69,0.0441598892211914
430,-3916,3.6024415493011475
431,-3916,3.3884530067443848
432,77,0.0321853160858154
433,92,0.0160348415374755
434,77,0.0337600708007812
435,-3916,3.1304173469543457
436,95,0.0138678550720214
437,86,0.0233747959136962
438,55,0.0346343517303466
439,62,0.0265336036682128
440,67,0.0401997566223144
441,79,0.0265319347381591
442,69,0.016836404800415
443,46,0.0455219745635986
444,-3916,3.472174644470215
445,58,0.0220026969909667
446,-3916,3.886815309524536
447,65,0.0460021495819091
448,54,0.0419991016387939
449,95,0.0180335044860839
450,56,0.0427711009979248
451,86,0.0279719829559326
452,-3916,4.5163514614105225
453,-3916,4.030356645584106
454,44,0.0457673072814941
455,-3916,4.503582239151001
456,92,0.0165462493896484
457,69,0.0414271354675293
458,-3937,4.241390705108643
459,80,0.0240380764007568
460,71,0.0285885334014892
461,85,0.0240931510925292
462,-3916,3.959027051925659
463,-3916,3.684621572494507
464,-3916,3.789524793624878
465,89,0.0158519744873046
466,69,0.04233980178833
467,93,0.0153841972351074
468,76,0.0341434478759765
469,71,0.0366272926330566
470,57,0.0519628524780273
471,87,0.0240650177001953
472,-3916,3.775546312332153
473,95,0.0130019187927246
474,76,0.0351264476776123
475,75,0.0377190113067626
476,84,0.0255968570709228
477,72,0.0399610996246337
478,-3916,3.847047090530396
479,34,0.0479285717010498
480,69,0.0336637496948242
481,-3916,3.652790069580078
482,72,0.0390598773956298
483,85,0.0265228748321533
484,61,0.0285286903381347
485,-3937,3.8768348693847656
486,81,0.0309705734252929
487,86,0.0236377716064453
488,-3916,3.7284836769104
489,69,0.0146939754486083
490,-3916,3.657618522644043
491,94,0.0100007057189941
492,-3916,3.7695274353027344
493,42,0.0347030162811279
494,76,0.0323128700256347
495,90,0.0143885612487792
496,84,0.0267112255096435
497,69,0.0381388664245605
498,87,0.0220468044281005
499,86,0.0200881958007812
500,89,0.0159165859222412
501,89,0.0209138393402099
502,97,0.0101773738861083
503,56,0.034395694732666
504,91,0.0168571472167968
505,-3916,4.18317437171936
506,99,0.0100245475769042
507,55,0.0381538867950439
508,65,0.0276834964752197
509,-3916,4.068773746490479
510,83,0.021608829498291
511,90,0.0231213569641113
512,-3937,4.177331447601318
513,86,0.017662763595581
514,84,0.0233423709869384
515,94,0.0122497081756591
516,-3916,3.801175832748413
517,91,0.0139977931976318
518,76,0.0354683399200439
519,84,0.0260012149810791
520,85,0.0252027511596679
521,94,0.0141048431396484
522,-3916,3.68476915359497
523,97,0.0100183486938476
524,52,0.0397627353668212
525,-3916,3.61600399017334
526,98,0.0097682476043701
527,71,0.042165994644165
528,87,0.0240857601165771
529,94,0.0150213241577148
530,-3937,3.5798540115356445
531,87,0.0175211429595947
532,89,0.0196750164031982
533,71,0.0410799980163574
534,64,0.0497574806213378
535,73,0.0140001773834228
536,94,0.0144078731536865
537,-3916,3.532562494277954
538,-3937,3.500476837158203
539,94,0.0109977722167968
540,96,0.0120351314544677
541,-3916,3.650582790374756
542,70,0.0360987186431884
543,68,0.0451397895812988
544,59,0.0302493572235107
545,93,0.0160562992095947
546,90,0.0195374488830566
547,67,0.0213315486907959
548,33,0.0603988170623779
549,90,0.0140235424041748
550,91,0.0130500793457031
551,87,0.0221359729766845
552,-3937,3.509008407592773
553,76,0.0239992141723632
554,89,0.0161468982696533
555,77,0.0100021362304687
556,89,0.022998571395874
557,89,0.0230035781860351
558,-3916,4.268251419067383
559,33,0.0480124950408935
560,-3916,4.079615354537964
561,78,0.0269544124603271
562,71,0.016742467880249
563,77,0.0299069881439209
564,-3916,4.421321868896484
565,74,0.0450019836425781
566,82,0.0309998989105224
567,62,0.0299994945526123
568,82,0.0330426692962646
569,92,0.0169594287872314
570,91,0.0190465450286865
571,-3916,3.974658727645874
572,73,0.0152344703674316
573,96,0.0110895633697509
574,-3916,4.001520156860352
575,83,0.02518892288208
576,88,0.0216827392578125
577,-3916,5.048145055770874
578,74,0.037870168685913
579,78,0.0340244770050048
580,83,0.0272817611694335
581,-3916,3.909470319747925
582,89,0.0202813148498535
583,-3916,3.6058669090271
584,81,0.0234348773956298
585,-3916,3.67480206489563
586,88,0.0223302841186523
587,85,0.0260026454925537
588,-3916,3.761636018753052
589,83,0.0206439495086669
590,78,0.0357820987701416
591,-3916,3.5558462142944336
592,83,0.0220873355865478
593,-3916,3.5636277198791504
594,94,0.0146334171295166
595,73,0.012721300125122
596,34,0.0612776279449462
597,80,0.0310816764831542
598,38,0.0813298225402832
599,86,0.0169880390167236
600,-7,0.134690523147583
601,67,0.020942211151123
602,55,0.0597350597381591
603,72,0.0399320125579834
604,-3916,3.8587398529052734
605,91,0.0150001049041748
606,89,0.0171649456024169
607,68,0.0175251960754394
608,19,0.1004443168640136
609,64,0.0201063156127929
610,88,0.0200593471527099
611,82,0.0269227027893066
612,62,0.0249614715576171
613,87,0.0209496021270751
614,70,0.0179839134216308
615,69,0.0176038742065429
616,89,0.0206241607666015
617,95,0.0143768787384033
618,68,0.0429644584655761
619,81,0.0290780067443847
620,95,0.0130348205566406
621,87,0.0191185474395751
622,91,0.0148241519927978
623,44,0.0489215850830078
624,85,0.0200004577636718
625,93,0.0139386653900146
626,54,0.0593914985656738
627,-3916,3.9327800273895264
628,92,0.0165860652923584
629,61,0.0541839599609375
630,94,0.0140004158020019
631,-3916,3.9133920669555664
632,81,0.0300366878509521
633,89,0.021000862121582
634,70,0.0424287319183349
635,93,0.0167231559753417
636,71,0.0170013904571533
637,68,0.0440046787261962
638,74,0.0391340255737304
639,87,0.0230467319488525
640,85,0.0181822776794433
641,85,0.0200040340423584
642,80,0.0271124839782714
643,57,0.0559339523315429
644,71,0.0160615444183349
645,89,0.020902395248413
646,98,0.0100371837615966
647,83,0.0240004062652587
648,86,0.023181676864624
649,89,0.0199999809265136
650,89,0.0197198390960693
651,76,0.0350008010864257
652,85,0.0270032882690429
653,88,0.0240006446838378
654,-3916,3.925279378890991
655,76,0.0360124111175537
656,91,0.0182907581329345
657,90,0.0140004158020019
658,65,0.0230026245117187
659,-3916,3.6084139347076416
660,85,0.0232408046722412
661,97,0.0090003013610839
662,96,0.0100007057189941
663,81,0.0306272506713867
664,-3916,3.684940814971924
665,88,0.0148901939392089
666,58,0.0542628765106201
667,-3916,3.6653060913085938
668,87,0.0230543613433837
669,76,0.0339808464050293
670,47,0.0422725677490234
671,79,0.030733585357666
672,90,0.0190885066986084
673,54,0.046870470046997
674,85,0.0241379737854003
675,88,0.0209636688232421
676,83,0.0271992683410644
677,86,0.0231928825378417
678,65,0.0467185974121093
679,94,0.0143508911132812
680,95,0.0124273300170898
681,58,0.0562503337860107
682,82,0.0277662277221679
683,60,0.0511314868927001
684,89,0.016000747680664
685,96,0.0110023021697998
686,-3916,3.568957805633545
687,-3937,3.5512478351593018
688,77,0.0310022830963134
689,47,0.0379998683929443
690,91,0.019005537033081
691,66,0.0495679378509521
692,93,0.0153515338897705
693,40,0.0519986152648925
694,-3916,3.600092649459839
695,-3916,3.490469455718994
696,94,0.0150744915008544
697,79,0.0288107395172119
698,-3916,3.4165616035461426
699,95,0.0100417137145996
700,96,0.0120537281036376
701,91,0.0175371170043945
702,24,0.093576431274414
703,81,0.0287501811981201
704,92,0.0165824890136718
705,52,0.0288827419281005
706,92,0.0140116214752197
707,-3916,3.458846092224121
708,85,0.0244917869567871
709,96,0.0116338729858398
710,-3916,3.343154191970825
711,98,0.0079982280731201
712,85,0.0250005722045898
713,-3916,4.414815187454224
714,-43,0.139035940170288
715,-3916,3.906563520431519
716,50,0.040351390838623
717,90,0.0139694213867187
718,-3916,3.57120418548584
719,84,0.0189995765686035
720,77,0.0080001354217529
721,86,0.0181097984313964
722,-3916,4.398606538772583
723,-3916,3.754204750061035
724,-3916,3.811249256134033
725,-3916,4.189898490905762
726,93,0.0163567066192626
727,83,0.0284104347229003
728,91,0.0176894664764404
729,97,0.0104930400848388
730,-3937,3.863590717315674
731,71,0.0110273361206054
732,35,0.0580971240997314
733,86,0.0232086181640625
734,83,0.0277040004730224
735,-3916,3.553745985031128
736,-3937,3.593625545501709
737,77,0.0289995670318603
738,64,0.051102876663208
739,-3916,3.700091600418091
740,63,0.050386905670166
741,86,0.0229690074920654
742,92,0.0170018672943115
743,61,0.0514841079711914
744,88,0.0214748382568359
745,71,0.0402939319610595
746,-3916,3.5456860065460205
747,-3916,3.421527147293091
748,-3916,3.5614547729492188
749,93,0.0109972953796386
750,-3916,3.517673969268799
751,-3916,3.6040353775024414
752,-3937,3.86132287979126
753,70,0.0300004482269287
754,-3916,4.241075277328491
755,-3916,3.621584892272949
756,-3916,3.612418174743652
757,-3937,3.524850606918335
758,60,0.0300726890563964
759,55,0.0256257057189941
760,-3937,3.548846244812012
761,76,0.0070002079010009
762,94,0.014470100402832
763,75,0.0379014015197753
764,-3916,3.6358137130737305
765,80,0.0240015983581542
766,-3916,3.7411720752716064
767,-3916,3.5801076889038086
768,90,0.0179996490478515
769,-3937,3.632208824157715
770,63,0.0506513118743896
771,83,0.0228564739227294
772,89,0.0140817165374755
773,-3916,3.6205313205718994
774,90,0.018850564956665
775,68,0.0165164470672607
776,-3916,3.563431024551392
777,82,0.0197794437408447
778,72,0.0151352882385253
779,-3916,3.675191879272461
780,95,0.013118028640747
781,92,0.0172317028045654
782,79,0.0230646133422851
783,86,0.0220065116882324
784,68,0.0198662281036376
785,94,0.0140078067779541
786,-3916,3.444918870925904
787,87,0.0155065059661865
788,79,0.0319960117340087
789,88,0.0203573703765869
790,86,0.0222678184509277
791,86,0.0171892642974853
792,-3916,3.6342787742614746
793,-3937,3.470667839050293
794,-3937,3.408811092376709
795,-3916,3.516972780227661
796,-3937,3.589982748031616
797,-3916,3.5670418739318848
798,-3916,3.644198656082153
799,95,0.0089998245239257
800,87,0.0219988822937011
801,71,0.0146543979644775
802,87,0.0219995975494384
803,-3916,3.5924882888793945
804,-3916,3.396618127822876
805,57,0.0247046947479248
806,94,0.0130019187927246
807,93,0.0106606483459472
808,81,0.0226905345916748
809,-3916,3.602889060974121
810,-3916,3.9758806228637695
811,85,0.0210003852844238
812,91,0.0171647071838378
813,97,0.0102443695068359
814,61,0.0512635707855224
815,75,0.0353901386260986
816,43,0.0483372211456298
817,93,0.0149993896484375
818,-3937,3.9299256801605225
819,91,0.0103130340576171
820,65,0.024895429611206
821,-3916,3.631842374801636
822,90,0.0189998149871826
823,80,0.0317168235778808
824,96,0.0118463039398193
825,90,0.0141820907592773
826,86,0.0237715244293212
827,96,0.0120265483856201
828,62,0.0499670505523681
829,85,0.0255994796752929
830,89,0.0210545063018798
831,-3916,3.9431872367858887
832,-3937,3.35874891281128
833,91,0.0130021572113037
834,-3916,3.499788761138916
835,-3916,3.427131175994873
836,62,0.0269989967346191
837,45,0.0702428817749023
838,-3916,3.5765388011932373
839,-3916,3.655442714691162
840,-3916,3.765056848526001
841,-3916,3.440194606781006
842,-3916,2.2115514278411865
843,-3916,1.93333101272583
844,86,0.0121018886566162
845,89,0.0110001564025878
846,89,0.0090312957763671
847,93,0.008152961730957
848,82,0.0131077766418457
849,-3916,1.8782477378845213
850,79,0.0050036907196044
851,-3937,2.5451645851135254
852,60,0.0455965995788574
853,74,0.0110015869140625
854,70,0.0181984901428222
855,-3937,3.59505295753479
856,95,0.0099999904632568
857,77,0.0109999179840087
858,69,0.02113938331604
859,51,0.0314457416534423
860,87,0.0224268436431884
861,63,0.0223464965820312
862,75,0.0130529403686523
863,-3937,3.4739227294921875
864,83,0.0261127948760986
865,54,0.0634746551513671
866,-3916,4.001889705657959
867,81,0.0220024585723876
868,-3916,3.4816784858703613
869,47,0.0540306568145751
870,-3916,3.5826737880706787
871,82,0.0240018367767334
872,46,0.046689748764038
873,98,0.0091652870178222
874,61,0.0216622352600097
875,57,0.0328068733215332
876,70,0.018000841140747
877,-8,0.096534252166748
878,-3937,3.516273498535156
879,49,0.0449891090393066
880,-3937,3.4851067066192627
881,-3916,3.409831523895264
882,90,0.0139200687408447
883,-3916,3.1452465057373047
884,91,0.0176272392272949
885,-3937,4.218365430831909
886,-3937,4.14524245262146
887,-3916,4.075093507766724
888,31,0.0621662139892578
889,-3916,3.842648983001709
890,87,0.0221166610717773
891,95,0.0133497714996337
892,82,0.0280296802520751
893,59,0.0300004482269287
894,91,0.0159997940063476
895,92,0.016000747680664
896,67,0.0430409908294677
897,51,0.0377135276794433
898,-3937,4.164426565170288
899,76,0.0327978134155273
900,89,0.0210330486297607
901,59,0.0271806716918945
902,22,0.0690643787384033
903,80,0.0299506187438964
904,-3916,4.093825817108154
905,73,0.0128142833709716
906,-3916,4.045720815658569
907,-3916,3.725732803344727
908,-3916,4.187218427658081
909,90,0.0212721824645996
910,61,0.0239412784576416
911,79,0.0286948680877685
912,89,0.0199744701385498
913,-3916,4.069969177246094
914,-3916,4.199839353561401
915,-3916,4.050300121307373
916,53,0.0360238552093505
917,-3916,3.8981292247772217
918,-3916,3.608362197875977
919,65,0.0425231456756591
920,60,0.0285811424255371
921,62,0.0265531539916992
922,82,0.0262563228607177
923,71,0.0416350364685058
924,-3916,3.598510503768921
925,88,0.0149981975555419
926,94,0.0145866870880126
927,57,0.0331120491027832
928,-3916,3.854940176010132
929,77,0.0270140171051025
930,-3916,3.8748042583465576
931,-3916,4.492002010345459
932,-3916,4.124599933624268
933,72,0.0310385227203369
934,95,0.0120031833648681
935,-3937,3.804510593414306
936,-3937,3.949299097061157
937,75,0.0263359546661376
938,95,0.0120270252227783
939,33,0.0599606037139892
940,84,0.0269985198974609
941,48,0.0417816638946533
942,-3937,4.237765550613403
943,48,0.0586931705474853
944,-3937,3.722425699234009
945,-3916,3.726131200790405
946,99,0.0075964927673339
947,70,0.016688585281372
948,85,0.0252649784088134
949,83,0.0267999172210693
950,86,0.0210685729980468
951,-3937,4.246605396270752
952,91,0.0149509906768798
953,92,0.0169990062713623
954,81,0.0309672355651855
955,90,0.018218994140625
956,-3916,4.092826843261719
957,-3916,3.890848398208618
958,-3916,4.092839479446411
959,80,0.0299901962280273
960,70,0.0421240329742431
961,78,0.0319986343383789
962,-3916,3.6869497299194336
963,92,0.0140283107757568
964,-3937,3.469454765319824
965,-3916,3.8239471912384033
966,-3916,3.904431819915772
967,76,0.0319676399230957
968,88,0.0210013389587402
969,-3916,4.149956226348877
970,-3916,4.276548624038696
971,94,0.0201654434204101
972,84,0.0251021385192871
973,-3916,3.839186429977417
974,-3916,3.775265693664551
975,-3916,3.804881811141968
976,94,0.0134534835815429
977,97,0.0105619430541992
978,-3916,4.155993461608887
979,-3937,3.932610034942627
980,81,0.024094820022583
981,-3937,3.919020652770996
982,-3916,3.72297739982605
983,69,0.0177562236785888
984,86,0.0244381427764892
985,-3916,4.0593132972717285
986,-3916,4.049114465713501
987,62,0.044999361038208
988,94,0.0146515369415283
989,92,0.0159680843353271
990,69,0.0191471576690673
991,-3916,4.101917028427124
992,71,0.0379278659820556
993,78,0.0338475704193115
994,84,0.0269527435302734
995,91,0.017005443572998
996,56,0.0553431510925293
997,-3916,4.17552924156189
998,-3916,4.0643064975738525
999,59,0.0299994945526123
1000,-224,0.3447072505950928
1001,-3937,3.4532995223999023
1002,-3937,3.9315104484558105
1003,-3916,3.935712337493897
1004,7,0.10807466506958
1005,-341,0.4451897144317627
1006,-380,0.5259726047515869
1007,-3916,4.200757741928101
1008,-549,0.6471884250640869
1009,-112,0.216930866241455
1010,-3916,3.928155899047852
1011,-3916,3.8237884044647217
1012,-3916,3.9135146141052246
1013,-130,0.2255361080169677
1014,-3916,4.100260496139526
1015,-63,0.1409149169921875
1016,-313,0.443042516708374
1017,-5,0.1050679683685302
1018,-244,0.3485698699951172
1019,-3937,3.6979880332946777
1020,-168,0.2609274387359619
1021,-3916,3.922998428344727
1022,-3916,3.4520516395568848
1023,-39,0.1131255626678466
1024,-3916,3.6740453243255615
1025,-187,0.2676570415496826
1026,-3916,3.856444358825684
1027,-3916,3.928913116455078
1028,-94,0.1936650276184082
1029,-3916,4.149024963378906
1030,-3916,4.15912675857544
1031,-111,0.1859123706817627
1032,-3895,3.960208654403688
1033,-28,0.1277828216552734
1034,-3916,3.593245267868042
1035,-132,0.211026906967163
1036,-3916,4.021348714828491
1037,-3916,4.110855579376221
1038,-20,0.1506540775299072
1039,-3937,4.120441913604736
1040,-379,0.50235915184021
1041,-3916,4.060582637786865
1042,-105,0.239758014678955
1043,-3916,3.8580050468444815
1044,-3916,3.955674409866333
1045,-3916,4.139319181442261
1046,-3916,4.093973636627197
1047,-3916,4.034277439117432
1048,-3916,4.069499492645264
1049,-3916,4.205102443695068
1050,-3916,4.107085227966309
1051,-3916,4.112250804901123
1052,-3916,3.757294654846192
1053,-3916,3.780338287353516
1054,-3916,3.696733951568604
1055,-2,0.1091504096984863
1056,-3916,3.868912935256958
1057,-3916,4.020259857177734
1058,-3916,3.8597934246063232
1059,-3937,3.932133913040161
1060,-3916,3.9895365238189697
1061,49,0.0479271411895751
1062,-3916,3.842507839202881
1063,-3916,3.984785079956055
1064,-3916,4.074852228164673
1065,-117,0.2178688049316406
1066,-3916,4.323413610458374
1067,62,0.0593225955963134
1068,-3916,4.048728466033936
1069,-3916,4.001532077789307
1070,-73,0.1846845149993896
1071,-29,0.1308610439300537
1072,-3937,4.0199134349823
1073,-173,0.2760326862335205
1074,-3916,3.5980870723724365
1075,-3916,3.895122528076172
1076,-215,0.3357219696044922
1077,-3916,4.332812547683716
1078,-3916,4.061051845550537
1079,55,0.0531027317047119
1080,-3916,3.69281268119812
1081,40,0.0335688591003418
1082,28,0.0697312355041503
1083,-3916,3.937435150146485
1084,-3895,3.954479217529297
1085,-3916,3.8280587196350098
1086,-3916,3.8874025344848633
1087,-3916,3.921838998794556
1088,48,0.0573155879974365
1089,-5,0.1111242771148681
1090,-3916,3.7618141174316406
1091,-3916,3.859816074371338
1092,-169,0.2887969017028808
1093,-3916,4.145963907241821
1094,-117,0.2499661445617675
1095,-3916,4.054393768310547
1096,-3916,4.017977237701416
1097,-6,0.1363458633422851
1098,-3916,4.106352806091309
1099,-3916,4.401394844055176
1100,0,0.0981652736663818
1101,-3937,5.105562686920166
1102,-3916,4.10635232925415
1103,-45,0.1319828033447265
1104,-3916,4.01066780090332
1105,-3895,3.8398725986480713
1106,-3895,4.264566659927368
1107,-3937,4.101183891296387
1108,33,0.0745930671691894
1109,-3916,4.084525108337402
1110,67,0.069610595703125
1111,-3916,4.233431577682495
1112,-3916,4.121595144271851
1113,-3937,4.114051818847656
1114,-3916,3.7384378910064697
1115,-65,0.1422269344329834
1116,-3916,3.883540153503418
1117,12,0.0955023765563964
1118,-3895,4.061410188674927
1119,-3916,3.973482608795166
1120,-3916,3.647898674011232
1121,-3916,3.959972381591797
1122,-3916,3.701922416687012
1123,-3916,3.4418869018554688
1124,-3916,3.516890287399292
1125,-3916,3.4848792552948
1126,-3916,3.616824626922608
1127,-3937,3.4552159309387207
1128,-3916,3.470985174179077
1129,24,0.047316551208496
1130,-3916,3.794345140457153
1131,-3937,3.548093795776367
1132,-3937,3.526905059814453
1133,-3916,3.457439422607422
1134,-3916,3.27754807472229
1135,-3916,3.252542018890381
1136,-3916,3.6081063747406006
1137,-3916,3.436504364013672
1138,27,0.0709381103515625
1139,-3937,3.520965099334717
1140,-3916,3.62691879272461
1141,-3916,3.6001968383789062
1142,-3916,3.606616258621216
1143,-3916,3.548548698425293
1144,23,0.0704574584960937
1145,-3937,3.608842134475708
1146,-3916,3.7891013622283936
1147,-3916,3.583988904953003
1148,-3916,3.6491119861602783
1149,-3916,4.036479949951172
1150,-3937,3.7861058712005615
1151,49,0.0461089611053466
1152,-3916,4.244270324707031
1153,17,0.0986292362213134
1154,-3916,5.717731475830078
1155,18,0.0971632003784179
1156,-3916,4.71363091468811
1157,-3916,4.588454008102417
1158,-3916,4.002930641174316
1159,-3895,3.8947603702545166
1160,-91,0.2086620330810547
1161,-3895,3.989758253097534
1162,14,0.0988359451293945
1163,-16,0.1031026840209961
1164,-3916,4.228933095932007
1165,-30,0.1380245685577392
1166,-3916,4.253536939620972
1167,-111,0.2809836864471435
1168,-3916,4.523066520690918
1169,-3916,4.149144649505615
1170,37,0.0766007900238037
1171,-3916,3.823944091796875
1172,30,0.0810017585754394
1173,-32,0.1480238437652588
1174,52,0.0808551311492919
1175,-3916,3.8799870014190674
1176,-3916,3.9045701026916495
1177,-3916,4.139331102371216
1178,23,0.0918025970458984
1179,-23,0.1178600788116455
1180,-3916,4.654951810836792
1181,-3937,4.169049978256226
1182,-3916,4.2036662101745605
1183,36,0.0481045246124267
1184,67,0.042330265045166
1185,-42,0.1290497779846191
1186,-3916,3.4173545837402344
1187,-3916,3.305896759033203
1188,-3916,3.7632925510406494
1189,23,0.0825035572052002
1190,-3916,3.97067928314209
1191,-3916,4.597607374191284
1192,-3916,4.95671272277832
1193,-3916,4.2614593505859375
1194,-3916,4.090973615646362
1195,59,0.0518910884857177
1196,76,0.0575020313262939
1197,-3916,4.154841184616089
1198,-3916,4.208496570587158
1199,51,0.0547053813934326
1200,70,0.0422625541687011
1201,-3916,4.007152080535889
1202,-3916,3.988539457321167
1203,-3916,4.025249242782593
1204,19,0.0723328590393066
1205,-3916,3.885009288787842
1206,-3916,4.168248176574707
1207,39,0.0628988742828369
1208,-3916,3.8061578273773193
1209,64,0.0428001880645751
1210,-3937,3.863856554031372
1211,21,0.0413146018981933
1212,-3916,3.724745035171509
1213,-3916,3.960341930389404
1214,-3916,3.9902188777923584
1215,-3916,4.227986574172974
1216,-3916,4.091259956359863
1217,67,0.0420100688934326
1218,45,0.0712134838104248
1219,-3937,4.120400905609131
1220,-3916,3.661147594451904
1221,-3916,2.637608289718628
1222,41,0.0718913078308105
1223,-3916,2.2906434535980225
1224,34,0.0366945266723632
1225,-53,0.0963947772979736
1226,-3916,2.370938777923584
1227,74,0.0191116333007812
1228,74,0.0286195278167724
1229,-3916,2.494220972061157
1230,-3916,2.333301544189453
1231,19,0.0343599319458007
1232,-3937,2.269975423812866
1233,44,0.0358400344848632
1234,-3916,2.376033306121826
1235,-3916,2.641588926315308
1236,35,0.0532507896423339
1237,34,0.0518052577972412
1238,-36,0.111856460571289
1239,49,0.060105562210083
1240,-3916,2.149176836013794
1241,74,0.0179791450500488
1242,-3916,2.288032293319702
1243,-3916,2.22530484199524
1244,-3937,2.139875650405884
1245,34,0.0262243747711181
1246,94,0.0083043575286865
1247,-3916,2.21304988861084
1248,-3916,2.059643030166626
1249,23,0.0390918254852294
1250,-3916,2.282952308654785
1251,-3916,2.112781047821045
1252,66,0.0301589965820312
1253,57,0.0327343940734863
1254,75,0.0231242179870605
1255,89,0.012070894241333
1256,87,0.0142054557800292
1257,-3916,2.045105695724488
1258,63,0.0168781280517578
1259,-3916,2.005286455154419
1260,67,0.0289537906646728
1261,-3937,2.223149538040161
1262,79,0.0206835269927978
1263,-3,0.0756547451019287
1264,-3916,2.1035304069519043
1265,11,0.0378680229187011
1266,54,0.0341980457305908
1267,-3937,2.058258056640625
1268,-3937,2.124126434326172
1269,7,0.0743172168731689
1270,32,0.0470547676086425
1271,-3895,2.1081159114837646
1272,72,0.0249171257019042
1273,83,0.018470287322998
1274,-3916,2.179070949554444
1275,84,0.0116763114929199
1276,-3916,2.0390453338623047
1277,-3916,2.0103769302368164
1278,90,0.0101518630981445
1279,-3937,2.045227527618408
1280,57,0.0626347064971923
1281,-3916,2.1199615001678467
1282,-3916,2.0640676021575928
1283,-3937,2.2030208110809326
1284,-3916,2.049426794052124
1285,-29,0.0633342266082763
1286,-3916,2.0459020137786865
1287,-3916,2.0302953720092773
1288,-3937,2.060070753097534
1289,-3916,2.030956745147705
1290,22,0.0671696662902832
1291,-3916,2.25095796585083
1292,-3916,2.431211471557617
1293,-3937,2.4756526947021484
1294,61,0.0373196601867675
1295,-3916,2.245030403137207
1296,-3916,2.178637981414795
1297,-3937,2.202910184860229
1298,72,0.0250246524810791
1299,-3916,2.3087973594665527
1300,-3916,2.392303705215454
1301,-3937,2.4525744915008545
1302,54,0.0410459041595459
1303,-3916,2.200725078582764
1304,50,0.03965425491333
1305,-3916,2.1824543476104736
1306,-3916,2.2755677700042725
1307,-3916,2.225619077682495
1308,-3916,2.1350467205047607
1309,-3937,2.0602803230285645
1310,-3916,2.1976568698883057
1311,-3937,2.175944328308105
1312,44,0.0274140834808349
1313,-3895,2.311903476715088
1314,-3916,2.2384865283966064
1315,-3916,2.1086530685424805
1316,-3916,2.1311123371124268
1317,-3895,2.1437573432922363
1318,-32,0.099719762802124
1319,-3916,2.171196222305298
1320,58,0.0407800674438476
1321,-3916,2.214749813079834
1322,-3916,2.083317995071411
1323,0,0.0571017265319824
1324,42,0.0413341522216796
1325,-3916,2.111059188842773
1326,-3916,2.107039451599121
1327,68,0.0209739208221435
1328,45,0.0504887104034423
1329,-3916,2.0660033226013184
1330,-3916,2.2801859378814697
1331,78,0.0148899555206298
1332,-3916,2.057903289794922
1333,-3895,2.185624837875366
1334,85,0.0137937068939208
1335,63,0.0435845851898193
1336,20,0.0408463478088378
1337,-3916,2.130964756011963
1338,-3937,2.034729480743408
1339,44,0.0198211669921875
1340,-3916,2.087219476699829
1341,-3916,2.204181432723999
1342,-3916,2.0543532371521
1343,-115,0.1190583705902099
1344,-3937,2.328032255172729
1345,-3937,2.099751710891724
1346,-3916,2.114236831665039
1347,70,0.0203042030334472
1348,-13,0.0904409885406494
1349,-3916,2.161715269088745
1350,-1,0.0710711479187011
1351,17,0.0687654018402099
1352,-29,0.1002347469329834
1353,54,0.0360441207885742
1354,60,0.0342655181884765
1355,29,0.0370776653289794
1356,-3916,2.090386152267456
1357,-3937,2.0478861331939697
1358,-3916,2.071019411087036
1359,-3916,1.958193302154541
1360,79,0.0166075229644775
1361,-3916,2.1502010822296143
1362,87,0.0191540718078613
1363,47,0.0490908622741699
1364,-3916,2.3279922008514404
1365,-3895,2.326197862625122
1366,-3916,3.02941370010376
1367,52,0.0300767421722412
1368,-3916,2.365454196929932
1369,92,0.0091190338134765
1370,-3916,2.2772696018218994
1371,-3916,2.017956018447876
1372,-3916,2.001760721206665
1373,80,0.0137073993682861
1374,-3916,2.029501438140869
1375,-3916,1.9825711250305176
1376,78,0.0180544853210449
1377,-3916,2.121063232421875
1378,74,0.0239670276641845
1379,62,0.029578685760498
1380,-3916,1.994147062301636
1381,24,0.04301118850708
1382,-3937,2.1731793880462646
1383,-3916,2.2282023429870605
1384,-3937,1.9393064975738523
1385,43,0.0300607681274414
1386,-3916,2.0515787601470947
1387,-3916,1.9283580780029297
1388,76,0.0190746784210205
1389,-3916,2.20835828781128
1390,-3916,2.413978815078736
1391,-3916,2.0197229385375977
1392,50,0.0241870880126953
1393,-3916,1.915118932723999
1394,-3916,2.044777631759644
1395,77,0.0147340297698974
1396,79,0.0290713310241699
1397,-3916,1.952372550964356
1398,-3916,2.199492216110229
1399,-3916,1.9958810806274407
1400,81,0.017998456954956
1401,62,0.0270791053771972
1402,-3916,2.0079715251922607
1403,59,0.0242342948913574
1404,72,0.0202009677886962
1405,87,0.0146467685699462
1406,-3916,2.032362937927246
1407,-3916,1.8935062885284424
1408,38,0.0271086692810058
1409,37,0.0421175956726074
1410,-3916,2.0128369331359863
1411,67,0.0220003128051757
1412,69,0.0240633487701416
1413,72,0.0259978771209716
1414,-3916,2.27176833152771
1415,-3937,2.2799863815307617
1416,-3937,2.032113552093506
1417,60,0.0240771770477294
1418,73,0.0208806991577148
1419,60,0.0471537113189697
1420,-3916,2.101702690124512
1421,-3895,1.8551788330078125
1422,-3895,1.967017412185669
1423,-3916,2.0325794219970703
1424,-3916,1.9274230003356927
1425,-3937,1.8944616317749023
1426,28,0.0470194816589355
1427,25,0.0522215366363525
1428,37,0.0396308898925781
1429,59,0.0333070755004882
1430,75,0.02590012550354
1431,-3937,2.043517827987671
1432,-3916,1.931229591369629
1433,-3916,1.9604346752166748
1434,49,0.0435388088226318
1435,-3916,1.9006202220916748
1436,68,0.0267736911773681
1437,31,0.0495111942291259
1438,81,0.0145456790924072
1439,-3916,1.9076063632965088
1440,60,0.0257096290588378
1441,52,0.0190746784210205
1442,-3916,1.939659595489502
1443,47,0.0261497497558593
1444,77,0.023090124130249
1445,61,0.0322296619415283
1446,-3916,1.9532721042633057
1447,-3916,1.9514439105987549
1448,-3916,2.1200296878814697
1449,-3916,1.910673141479492
1450,-3916,1.8913805484771729
1451,-3916,1.922383546829224
1452,-3937,1.8976163864135744
1453,75,0.0149962902069091
1454,88,0.0106139183044433
1455,-3916,1.977702617645264
1456,35,0.0572226047515869
1457,56,0.0196871757507324
1458,-3916,2.043566465377808
1459,85,0.0090851783752441
1460,-3937,1.9809410572052
1461,-3937,1.976180076599121
1462,-3916,1.9304664134979248
1463,-3916,1.855731725692749
1464,-3916,2.02362322807312
1465,-3937,1.920132398605347
1466,48,0.0374157428741455
1467,-3916,1.9132041931152344
1468,72,0.0100009441375732
1469,-3916,1.938488245010376
1470,60,0.0290937423706054
1471,-3937,1.952237844467163
1472,-3916,2.1373038291931152
1473,-3916,2.049680709838867
1474,-3916,1.9085228443145752
1475,99,0.0145821571350097
1476,-3916,1.9568767547607424
1477,-3916,1.8726303577423096
1478,-3937,2.0611579418182373
1479,-3916,2.0954036712646484
1480,-3937,2.1490917205810547
1481,-3937,2.219698905944824
1482,58,0.0411741733551025
1483,55,0.0460007190704345
1484,-3895,2.2906439304351807
1485,-3916,2.142166376113892
1486,-3937,2.5661540031433105
1487,-3916,2.08870005607605
1488,83,0.0167064666748046
1489,92,0.0080671310424804
1490,-3895,2.128781795501709
1491,39,0.0299973487854003
1492,69,0.0410323143005371
1493,-3937,1.98781156539917
1494,54,0.0399529933929443
1495,75,0.0370030403137207
1496,50,0.0460987091064453
1497,-3916,2.017735004425049
1498,76,0.0250000953674316
1499,63,0.0330443382263183
1500,-3895,1.9543275833129885
1501,-3937,1.992731571197509
1502,92,0.0199713706970214
1503,-3916,2.116044282913208
1504,0,0.07200288772583
1505,57,0.0328576564788818
1506,33,0.0320086479187011
1507,68,0.0242619514465332
1508,-3937,2.0055456161499023
1509,-3937,2.140854358673096
1510,50,0.0231189727783203
1511,60,0.0291135311126709
1512,52,0.0212399959564209
1513,-3916,2.0904321670532227
1514,-3916,2.204115629196167
1515,-3937,2.1492180824279785
1516,-3895,1.9730048179626465
1517,72,0.0151865482330322
1518,52,0.0373592376708984
1519,93,0.0124115943908691
1520,76,0.0214574337005615
1521,84,0.0139999389648437
1522,-3916,2.0017404556274414
1523,56,0.014075756072998
1524,79,0.0211963653564453
1525,-3916,2.019509792327881
1526,95,0.007493257522583
1527,-3937,1.9778101444244385
1528,65,0.0309135913848876
1529,-3916,1.9963576793670648
1530,82,0.0177178382873535
1531,-3937,2.089514970779419
1532,82,0.0189349651336669
1533,83,0.0173554420471191
1534,-3916,2.152660846710205
1535,96,0.0040013790130615
1536,56,0.0195620059967041
1537,55,0.0370879173278808
1538,87,0.0106403827667236
1539,74,0.0080034732818603
1540,76,0.0211694240570068
1541,-3916,2.003573417663574
1542,-3937,1.9986271858215328
1543,-3937,1.918700933456421
1544,-3916,1.9986729621887207
1545,66,0.0100007057189941
1546,88,0.0129997730255126
1547,59,0.0149998664855957
1548,46,0.0399982929229736
1549,-3916,2.1567773818969727
1550,-3916,2.03497576713562
1551,-3916,2.036515474319458
1552,86,0.0140752792358398
1553,56,0.0343279838562011
1554,97,0.0060877799987792
1555,-3937,2.007112503051758
1556,72,0.0232512950897216
1557,83,0.017313003540039
1558,-3937,2.0291683673858643
1559,-3916,2.069758892059326
1560,-3937,2.0324954986572266
1561,-3916,1.8756482601165767
1562,-3916,1.9506068229675293
1563,83,0.0110025405883789
1564,-3916,1.9487111568450928
1565,-3916,1.9902973175048828
1566,-3895,2.159384489059448
1567,83,0.0110001564025878
1568,-3937,1.968227863311768
1569,-3916,1.9529225826263428
1570,-3916,1.975445032119751
1571,72,0.0152156352996826
1572,81,0.0210838317871093
1573,-3916,1.99042558670044
1574,-3937,1.972325325012207
1575,-3916,2.0244054794311523
1576,-3916,2.1000847816467285
1577,-3916,1.937527418136597
1578,-3916,1.93608832359314
1579,-3916,1.9517524242401123
1580,49,0.0440959930419921
1581,84,0.0149970054626464
1582,-3916,2.0829129219055176
1583,-3916,1.9980218410491943
1584,-3916,2.052254199981689
1585,63,0.0207650661468505
1586,-3916,2.024409770965576
1587,90,0.0086097717285156
1588,-3916,2.199010133743286
1589,-3916,1.940860748291016
1590,-3937,2.1077721118927
1591,74,0.0170016288757324
1592,-3916,1.9549100399017327
1593,91,0.0086336135864257
1594,-3916,1.981694221496582
1595,62,0.0199019908905029
1596,-3937,1.945141553878784
1597,53,0.023162841796875
1598,76,0.0210626125335693
1599,-3937,2.04226016998291
1600,-3916,1.9510791301727293
1601,-3916,2.0107176303863525
1602,-3916,1.9624199867248533
1603,-3916,1.908592939376831
1604,-3916,1.9920101165771484
1605,-3916,1.931867599487305
1606,-3916,2.0741286277771
1607,-3916,1.8918015956878664
1608,-3916,1.9809575080871584
1609,70,0.0172188282012939
1610,68,0.0129985809326171
1611,-3916,1.985873460769653
1612,-3916,1.9202919006347656
1613,-3916,1.893877029418945
1614,64,0.0271680355072021
1615,84,0.0121247768402099
1616,-3916,2.04634952545166
1617,57,0.013984203338623
1618,-3916,1.932598114013672
1619,-3916,1.888167381286621
1620,-3916,1.916102647781372
1621,-3916,1.834797620773316
1622,89,0.0135984420776367
1623,-3916,2.027265787124634
1624,93,0.0090000629425048
1625,60,0.0306224822998046
1626,-3895,1.9947855472564693
1627,-3916,1.866255521774292
1628,91,0.0099999904632568
1629,-3916,1.916196346282959
1630,60,0.0320887565612793
1631,93,0.0100002288818359
1632,-3916,1.8737893104553225
1633,56,0.0127520561218261
1634,85,0.0158522129058837
1635,-3916,1.8652925491333008
1636,85,0.0283198356628417
1637,93,0.007584810256958
1638,-3916,1.975390911102295
1639,-3916,1.840310335159301
1640,-3916,1.9808430671691888
1641,82,0.0119976997375488
1642,-3916,1.884161233901977
1643,86,0.0119924545288085
1644,81,0.0149312019348144
1645,-3916,1.8996076583862305
1646,-3916,1.886411428451538
1647,-3916,1.9404306411743164
1648,-3916,1.861820936203003
1649,-3916,1.8443543910980225
1650,-3937,1.874736785888672
1651,-3916,1.9429397583007808
1652,61,0.0251142978668212
1653,-3937,1.862654685974121
1654,84,0.0130021572113037
1655,100,0.0171689987182617
1656,-3916,1.9846811294555664
1657,77,0.0149972438812255
1658,63,0.0275723934173584
1659,40,0.0410003662109375
1660,-3916,1.8945882320404053
1661,-3895,1.842134475708008
1662,-3916,1.8737554550170896
1663,-3916,1.8541905879974363
1664,89,0.01200532913208
1665,-3916,1.9579181671142576
1666,-3916,2.0048136711120605
1667,82,0.0100955963134765
1668,-3916,1.8610191345214844
1669,68,0.0191166400909423
1670,85,0.0119769573211669
1671,-3916,1.9164249897003167
1672,-3916,1.9687471389770508
1673,108,0.0083701610565185
1674,80,0.0180482864379882
1675,77,0.0219359397888183
1676,-3916,1.9609222412109373
1677,47,0.021003246307373
1678,75,0.0170662403106689
1679,84,0.0126302242279052
1680,78,0.0169999599456787
1681,-3916,2.0197207927703857
1682,-3916,1.947604179382324
1683,-3916,1.9262640476226809
1684,96,0.0069401264190673
1685,94,0.0078277587890625
1686,76,0.0192461013793945
1687,-3916,2.0316154956817627
1688,-3916,1.9473662376403809
1689,51,0.0169339179992675
1690,90,0.0100002288818359
1691,-3937,1.9269568920135496
1692,91,0.0090830326080322
1693,-3916,2.0060513019561768
1694,86,0.0120298862457275
1695,-3916,1.9609458446502688
1696,-3916,1.91471266746521
1697,-3916,1.867023468017578
1698,74,0.0207471847534179
1699,-3916,1.9151768684387207
1700,-3916,2.2264535427093506
1701,-3916,1.970933198928833
1702,80,0.0141468048095703
1703,-3916,2.05513882637024
1704,47,0.0230014324188232
1705,80,0.0288853645324707
1706,78,0.0229995250701904
1707,79,0.0200006961822509
1708,46,0.0406422615051269
1709,-3916,1.9866316318511963
1710,-3916,1.9464061260223389
1711,67,0.0190916061401367
1712,58,0.0400893688201904
1713,-3916,2.1158010959625244
1714,66,0.0281460285186767
1715,26,0.0548295974731445
1716,-3916,2.073829412460327
1717,99,0.0149970054626464
1718,57,0.0360708236694335
1719,67,0.0215415954589843
1720,63,0.0245141983032226
1721,68,0.0249359607696533
1722,-3916,2.135420322418213
1723,-3916,1.9416921138763428
1724,70,0.0220355987548828
1725,87,0.0126850605010986
1726,66,0.0243880748748779
1727,-3916,2.168783903121948
1728,-3916,2.066758632659912
1729,0,0.0499553680419921
1730,44,0.0551319122314453
1731,105,0.0142102241516113
1732,-3916,2.0210094451904297
1733,-3916,1.873962163925171
1734,76,0.0235147476196289
1735,71,0.0253539085388183
1736,-3937,2.053896427154541
1737,43,0.0289080142974853
1738,-3895,1.984681844711304
1739,79,0.0221960544586181
1740,-3916,2.1209287643432617
1741,38,0.0342724323272705
1742,92,0.0118205547332763
1743,-3916,2.0093250274658203
1744,69,0.0262396335601806
1745,52,0.0474293231964111
1746,49,0.0525131225585937
1747,41,0.0671050548553466
1748,-3895,2.1361160278320312
1749,45,0.0196883678436279
1750,-3916,2.015171766281128
1751,-3916,1.961676359176636
1752,-6,0.0703723430633544
1753,79,0.0326507091522216
1754,-3895,1.9133031368255613
1755,22,0.0391461849212646
1756,22,0.0371561050415039
1757,-3916,1.918289422988892
1758,56,0.0352008342742919
1759,46,0.0461306571960449
1760,-3916,2.125866413116455
1761,-3916,2.0962817668914795
1762,64,0.0273213386535644
1763,-3937,1.944844484329224
1764,-3916,1.918160915374756
1765,-3916,1.8832058906555176
1766,106,0.0121726989746093
1767,-3916,1.875861883163452
1768,86,0.0278389453887939
1769,116,0.0075330734252929
1770,-3916,2.186581611633301
1771,-3937,1.964487075805664
1772,74,0.0189690589904785
1773,-3916,2.1305794715881348
1774,-3916,2.002666473388672
1775,94,0.0140373706817626
1776,62,0.0312700271606445
1777,66,0.0340011119842529
1778,60,0.0637533664703369
1779,-3916,2.144737958908081
1780,-3895,1.9561729431152344
1781,-3916,2.0043320655822754
1782,78,0.0229110717773437
1783,-3916,3.1183457374572754
1784,62,0.048807144165039
1785,77,0.0347068309783935
1786,75,0.0527935028076171
1787,-3895,3.629155158996582
1788,-3916,3.9302382469177246
1789,-3895,5.478095531463623
1790,91,0.0222141742706298
1791,-3895,3.158393383026123
1792,-3916,3.389451503753662
1793,55,0.0360922813415527
1794,-3916,3.2444815635681152
1795,39,0.0477335453033447
1796,-3895,2.2193398475646973
1797,-3916,2.082714796066284
1798,-3895,2.0346062183380127
1799,-3916,2.0591704845428467
1800,94,0.0272059440612792
1801,103,0.0160770416259765
1802,95,0.0221595764160156
1803,-3895,2.068850040435791
1804,-3895,1.9466493129730225
1805,-3895,2.003028631210327
1806,98,0.0250730514526367
1807,-3895,2.0577309131622314
1808,96,0.0201365947723388
1809,86,0.0160038471221923
1810,-3916,3.104095458984375
1811,96,0.0169088840484619
1812,35,0.0694162845611572
1813,-3916,2.208876371383667
1814,-3895,2.029885053634644
1815,-3916,1.9996790885925293
1816,58,0.0377647876739501
1817,-3916,2.204947233200073
1818,102,0.0167531967163085
1819,48,0.0584228038787841
1820,-3916,2.60186505317688
1821,-3895,2.4794163703918457
1822,42,0.0490901470184326
1823,89,0.0332033634185791
1824,63,0.0384581089019775
1825,46,0.0871918201446533
1826,-3916,2.1868679523468018
1827,-3895,1.9357106685638428
1828,78,0.0322229862213134
1829,79,0.0210151672363281
1830,36,0.0476386547088623
1831,91,0.0106105804443359
1832,-3895,2.002798795700073
1833,73,0.0260908603668212
1834,88,0.0269949436187744
1835,-3916,2.018361091613769
1836,59,0.0299172401428222
1837,55,0.0199995040893554
1838,-3916,1.963148593902588
1839,-3895,2.0890822410583496
1840,40,0.0542643070220947
1841,104,0.015000581741333
1842,-3895,2.0976667404174805
1843,-3916,2.0040292739868164
1844,-3895,2.0327377319335938
1845,-3916,1.9010224342346191
1846,-3916,1.9422032833099363
1847,60,0.0211710929870605
1848,-3895,2.005864381790161
1849,-3916,1.886901378631592
1850,110,0.0134270191192626
1851,104,0.0160365104675292
1852,-3895,1.9767584800720213
1853,85,0.0128414630889892
1854,98,0.0210001468658447
1855,-3895,1.898126602172852
1856,-3916,1.973549127578736
1857,115,0.0053868293762207
1858,-3895,1.9187040328979488
1859,94,0.0161173343658447
1860,-3916,2.134854555130005
1861,79,0.01399827003479
1862,92,0.0219979286193847
1863,89,0.0098435878753662
1864,-3916,1.9367802143096924
1865,78,0.0130043029785156
1866,-3916,2.066801309585572
1867,-3895,1.9627540111541748
1868,-3895,2.0204405784606934
1869,-3895,2.0594799518585205
1870,-3895,2.039562702178955
1871,-3916,1.9652197360992432
1872,86,0.011892557144165
1873,55,0.0291664600372314
1874,-3937,2.221729278564453
1875,105,0.0130178928375244
1876,-3895,2.0888655185699463
1877,-3916,2.138570070266724
1878,105,0.0149991512298583
1879,102,0.0167329311370849
1880,-3895,2.1352572441101074
1881,91,0.0119965076446533
1882,-3916,2.136197566986084
1883,80,0.0140395164489746
1884,114,0.0119965076446533
1885,-3937,1.9763031005859373
1886,80,0.0199263095855712
1887,-3895,1.9898285865783687
1888,-3895,2.1022448539733887
1889,-3916,2.139944314956665
1890,89,0.0100018978118896
1891,101,0.0166163444519042
1892,99,0.0183022022247314
1893,109,0.0120000839233398
1894,-3895,2.2056310176849365
1895,-3895,2.164499044418335
1896,-3916,2.3061063289642334
1897,-3895,2.0041580200195312
1898,70,0.0269982814788818
1899,-3895,2.1122918128967285
1900,-3895,2.1253435611724854
1901,-3895,1.93312668800354
1902,66,0.0161044597625732
1903,-3895,1.9902310371398928
1904,-3895,2.003793954849243
1905,-3895,2.0929088592529297
1906,-3895,2.231886386871338
1907,-3895,2.007133722305298
1908,90,0.009650707244873
1909,19,0.0428249835968017
1910,-3895,1.9813570976257324
1911,117,0.0064928531646728
1912,75,0.016960859298706
1913,79,0.0191051959991455
1914,101,0.0174224376678466
1915,62,0.0323243141174316
1916,-3916,1.9564847946166992
1917,68,0.0297796726226806
1918,96,0.0217347145080566
1919,-3916,2.012779712677002
1920,94,0.0230016708374023
1921,97,0.0179479122161865
1922,103,0.0158400535583496
1923,-3916,2.0815653800964355
1924,-3895,1.957537651062012
1925,-3895,2.246070146560669
1926,95,0.0210161209106445
1927,81,0.0314710140228271
1928,-3895,2.0290842056274414
1929,76,0.015998363494873
1930,94,0.0120015144348144
1931,-3895,2.1133878231048584
1932,93,0.0229992866516113
1933,-3895,1.9393017292022705
1934,111,0.0128121376037597
1935,-3895,1.9340412616729736
1936,-3895,2.0455918312072754
1937,111,0.0089330673217773
1938,-3895,1.9885852336883545
1939,99,0.0138876438140869
1940,112,0.0115742683410644
1941,-3895,1.9322781562805176
1942,-3895,1.9947750568389893
1943,98,0.0141487121582031
1944,116,0.0069994926452636
1945,88,0.0235819816589355
1946,-3895,2.118882179260254
1947,101,0.0157549381256103
1948,75,0.0345664024353027
1949,107,0.0249996185302734
1950,82,0.0448193550109863
1951,113,0.0170004367828369
1952,-3895,3.1483848094940186
1953,108,0.0159971714019775
1954,-3895,2.8924546241760254
1955,-3916,2.6019506454467773
1956,-3895,2.1612708568573
1957,-3895,2.4832000732421875
1958,110,0.0132534503936767
1959,117,0.0090165138244628
1960,109,0.0175797939300537
1961,102,0.0221316814422607
1962,100,0.0219335556030273
1963,92,0.0085163116455078
1964,105,0.0159230232238769
1965,-3895,2.0675997734069824
1966,-3895,2.128277063369751
1967,-3895,1.928295612335205
1968,100,0.0181727409362792
1969,89,0.0119988918304443
1970,-3916,2.008483648300171
1971,78,0.0160033702850341
1972,102,0.0170528888702392
1973,86,0.0266258716583251
1974,115,0.008955955505371
1975,98,0.0218977928161621
1976,-3895,1.986029863357544
1977,102,0.0130825042724609
1978,48,0.0265853404998779
1979,76,0.0346250534057617
1980,82,0.0266060829162597
1981,-3895,1.9379425048828125
1982,98,0.0187013149261474
1983,-3895,1.9643254280090328
1984,60,0.0370998382568359
1985,-3895,2.127800941467285
1986,112,0.0090634822845458
1987,106,0.0159468650817871
1988,114,0.0109236240386962
1989,102,0.019350528717041
1990,94,0.0202560424804687
1991,78,0.0169570446014404
1992,102,0.0141842365264892
1993,-3895,1.972815990447998
1994,109,0.0140986442565917
1995,106,0.0180003643035888
1996,112,0.0111961364746093
1997,109,0.0118119716644287
1998,68,0.033024787902832
1999,102,0.01666736602783203
